URL,GBE,DBE,CBE,OBE,MBE,,,Total of GBE,Total of DBE,Total of CBE,Total of OBE,Total of MBE
https://www.kcl.ac.uk/people/christine-aicardi,0,0,0,0,0,,,0,0,2,1,0
https://www.kcl.ac.uk/people/maxim-alyukov,0,0,0,0,0,,,,,,,
https://www.kcl.ac.uk/people/cevat-giray-aksoy,0,0,0,0,0,,,,,,,
https://www.kcl.ac.uk/people/dr-emel-akcali,0,0,0,0,0,,,,,,,
https://www.kcl.ac.uk/people/lisa-h.-anders,0,0,0,0,0,,,,,,,
https://www.kcl.ac.uk/people/abiodun-alao,0,0,0,0,0,,,,,,,
https://www.kcl.ac.uk/people/aiko-ikemura-amaral,0,0,0,0,0,,,,,,,
https://www.kcl.ac.uk/people/johan-andersson,0,0,0,0,0,,,,,,,
https://www.kcl.ac.uk/people/majed-akhter,0,0,0,0,0,,,,,,,
https://www.kcl.ac.uk/people/george-adamson,0,0,0,0,0,,,,,,,
https://www.kcl.ac.uk/people/helen-adams,0,0,0,0,0,,,,,,,
https://www.kcl.ac.uk/people/fredrick-ajwang,0,0,0,0,0,,,,,,,
https://www.kcl.ac.uk/people/daniel-henrique-alves,0,0,0,0,0,,,,,,,
https://www.kcl.ac.uk/people/dr-clyde-ancarno,0,0,0,0,0,,,,,,,
https://www.kcl.ac.uk/people/mariam-abouelenin,0,0,0,0,0,,,,,,,
https://www.kcl.ac.uk/people/marlies-barendrecht,0,0,0,0,0,,,,,,,
https://www.kcl.ac.uk/people/dr-leonie-ansems-de-vries,0,0,0,0,0,,,,,,,
https://www.kcl.ac.uk/people/andreza-souza-santos,0,0,0,0,0,,,,,,,
https://www.kcl.ac.uk/people/barr-professor-niall,0,0,0,0,0,,,,,,,
https://www.kcl.ac.uk/people/sanchayan-banerjee,0,0,0,0,0,,,,,,,
https://www.kcl.ac.uk/people/maria-angeles-perez-navarro,0,0,0,0,0,,,,,,,
https://www.kcl.ac.uk/people/rachel-aukett,0,0,0,0,0,,,,,,,
https://www.kcl.ac.uk/people/professor-claudia-aradau-1,0,0,0,0,0,,,,,,,
https://www.kcl.ac.uk/people/andreas-baas,0,0,0,0,0,,,,,,,
https://www.kcl.ac.uk/people/dr-nick-andon,0,0,0,0,0,,,,,,,
https://www.kcl.ac.uk/people/joseph-baines,0,0,0,0,0,,,,,,,
https://www.kcl.ac.uk/people/laia-becares,0,0,0,0,0,,,,,,,
https://www.kcl.ac.uk/people/kate-bancroft,0,0,0,0,0,,,,,,,
https://www.kcl.ac.uk/people/christine-barnes,0,0,0,0,0,,,,,,,
https://www.kcl.ac.uk/people/alessandro-arduino,0,0,0,0,0,,,,,,,
https://www.kcl.ac.uk/people/professor-didier-bigo,0,0,0,0,0,,,,,,,
https://www.kcl.ac.uk/people/benbow-dr-tim,0,0,0,0,0,,,,,,,
https://www.kcl.ac.uk/people/dominique-behague,0,0,0,0,0,,,,,,,
https://www.kcl.ac.uk/people/john-bew,0,0,0,0,0,,,,,,,
https://www.kcl.ac.uk/people/yonatan-berman,0,0,0,0,0,,,,,,,
https://www.kcl.ac.uk/people/sarah-birch,0,0,0,0,0,,,,,,,
https://www.kcl.ac.uk/people/professor-mats-berdal,0,0,0,0,0,,,,,,,
https://www.kcl.ac.uk/people/professor-david-j-betz,0,0,0,0,0,,,,,,,
https://www.kcl.ac.uk/people/shagufta-bhangu,0,0,0,0,0,,,,,,,
https://www.kcl.ac.uk/people/kevin-blachford,0,0,0,0,0,,,,,,,
https://www.kcl.ac.uk/people/felix-berenskotter,0,0,0,0,0,,,,,,,
https://www.kcl.ac.uk/people/bird-dr-tim,0,0,0,0,0,,,,,,,
https://www.kcl.ac.uk/people/dr-marc-p-berenson,0,0,0,0,0,,,,,,,
https://www.kcl.ac.uk/people/frans-berkhout,0,0,0,0,0,,,,,,,
https://www.kcl.ac.uk/people/sevinc-bermek-1,0,0,0,0,0,,,,,,,
https://www.kcl.ac.uk/people/ann-marie-brandom,0,0,0,0,0,,,,,,,
https://www.kcl.ac.uk/people/charis-boutieri,0,0,0,0,0,,,,,,,
https://www.kcl.ac.uk/people/ingrid-bleynat,0,0,0,0,0,,,,,,,
https://www.kcl.ac.uk/people/mauro-bonavita,0,0,0,0,0,,,,,,,
https://www.kcl.ac.uk/people/roxana-bratu,0,0,0,0,0,,,,,,,
https://www.kcl.ac.uk/people/maud-borie,0,0,0,0,0,,,,,,,
https://www.kcl.ac.uk/people/sarah-bracking,0,0,0,0,0,,,,,,,
https://www.kcl.ac.uk/people/andrew-blick,0,0,0,0,0,,,,,,,
https://www.kcl.ac.uk/people/bowen-professor-wyn,0,0,0,0,0,,,,,,,
https://www.kcl.ac.uk/people/aleida-borges,0,0,0,0,0,,,,,,,
https://www.kcl.ac.uk/people/sara-black,0,0,0,0,0,,,,,,,
https://www.kcl.ac.uk/people/adrian-blau,0,0,0,0,0,,,,,,,
https://www.kcl.ac.uk/people/tugba-bozcaga,0,0,0,0,0,,,,,,,
https://www.kcl.ac.uk/people/alex-bradley,0,0,0,0,0,,,,,,,
https://www.kcl.ac.uk/people/jelke-boesten,0,0,0,0,0,,,,,,,
https://www.kcl.ac.uk/people/professor-martin-bricknell,0,0,0,0,0,,,,,,,
https://www.kcl.ac.uk/people/dr-richard-brock,0,0,0,0,0,,,,,,,
https://www.kcl.ac.uk/people/andrew-brooks,0,0,0,0,0,,,,,,,
https://www.kcl.ac.uk/people/jack-brown,0,0,0,0,0,,,,,,,
https://www.kcl.ac.uk/people/kerry-brown,0,0,0,0,0,,,,,,,
https://www.kcl.ac.uk/people/joshua-brian,0,0,0,0,0,,,,,,,
https://www.kcl.ac.uk/people/katherine-brickell,0,0,0,0,0,,,,,,,
https://www.kcl.ac.uk/people/carlo-caduff,0,0,0,0,0,,,,,,,
https://www.kcl.ac.uk/people/hillary-briffa,0,0,0,0,0,,,,,,,
https://www.kcl.ac.uk/people/maria-burczynska,0,0,0,0,0,,,,,,,
https://www.kcl.ac.uk/people/paul-breeze,0,0,0,0,0,,,,,,,
https://www.kcl.ac.uk/people/edoardo-bressanelli,0,0,0,0,0,,,,,,,
https://www.kcl.ac.uk/people/anna-brinkman,0,0,0,0,0,,,,,,,
https://www.kcl.ac.uk/people/tim-butler,0,0,0,0,0,,,,,,,
https://www.kcl.ac.uk/people/dr-peter-busch,0,0,0,0,0,,,,,,,
https://www.kcl.ac.uk/people/elisa-cavatorta,0,0,0,0,0,,,,,,,
https://www.kcl.ac.uk/people/rosie-campbell,0,0,0,0,0,,,,,,,
https://www.kcl.ac.uk/people/michael-chadwick,0,0,0,0,0,,,,,,,
https://www.kcl.ac.uk/people/chin-dr-warren,0,0,0,0,0,,,,,,,
https://www.kcl.ac.uk/people/nagore-calvo-mendizabal,0,0,0,0,0,,,,,,,
https://www.kcl.ac.uk/people/laura-camfield,0,0,0,0,0,,,,,,,
https://www.kcl.ac.uk/people/jane-catford,0,0,0,0,0,,,,,,,
https://www.kcl.ac.uk/people/olivia-cheung,0,0,0,0,0,,,,,,,
https://www.kcl.ac.uk/people/terry-cannon,0,0,0,0,0,,,,,,,
https://www.kcl.ac.uk/people/silvia-camporesi,0,0,0,0,0,,,,,,,
https://www.kcl.ac.uk/people/alex-callinicos,0,0,0,0,0,,,,,,,
https://www.kcl.ac.uk/people/christine-cheng,0,0,0,0,0,,,,,,,
https://www.kcl.ac.uk/people/federica-carugati,0,0,0,0,0,,,,,,,
https://www.kcl.ac.uk/people/kristofer-chan,0,0,0,0,0,,,,,,,
https://www.kcl.ac.uk/people/david-chilosi,0,0,0,0,0,,,,,,,
https://www.kcl.ac.uk/people/alex-clarkson,0,0,0,0,0,,,,,,,
https://www.kcl.ac.uk/people/mark-condos,0,0,0,0,0,,,,,,,
https://www.kcl.ac.uk/people/raphael-cunha,0,0,0,0,0,,,,,,,
https://www.kcl.ac.uk/people/andrea-cornwall,0,0,0,0,0,,,,,,,
https://www.kcl.ac.uk/people/ruth-craggs,0,0,0,0,0,,,,,,,
https://www.kcl.ac.uk/people/maria-cotofan,0,0,0,0,0,,,,,,,
https://www.kcl.ac.uk/people/humaira-chowdhury,0,0,0,0,0,,,,,,,
https://www.kcl.ac.uk/people/emma-colven,0,0,0,0,0,,,,,,,
https://www.kcl.ac.uk/people/clare-coultas,0,0,0,0,0,,,,,,,
https://www.kcl.ac.uk/people/dr-simon-coffey,0,0,0,0,0,,,,,,,
https://www.kcl.ac.uk/people/professor-alan-cribb,0,0,0,0,0,,,,,,,
https://www.kcl.ac.uk/people/dr-melanie-cooke,0,0,0,0,0,,,,,,,
https://www.kcl.ac.uk/people/amanda-chisholm,0,0,0,0,0,,,,,,,
https://www.kcl.ac.uk/people/michelle-clement,0,0,0,0,0,,,,,,,
https://www.kcl.ac.uk/people/robert-cowley,0,0,0,0,0,,,,,,,
https://www.kcl.ac.uk/people/rachel-davies,0,0,0,0,0,,,,,,,
https://www.kcl.ac.uk/people/antonia-dawes,0,0,0,0,0,,,,,,,
https://www.kcl.ac.uk/people/samuel-decanio,0,0,0,0,0,,,,,,,
https://www.kcl.ac.uk/people/davies-dr-huw,0,0,0,0,0,,,,,,,
https://www.kcl.ac.uk/people/rod-dacombe,0,0,0,0,0,,,,,,,
https://www.kcl.ac.uk/people/dr-pablo-de-orellana,0,0,0,0,0,,,,,,,
https://www.kcl.ac.uk/people/dr-ruth-deyermond-1,0,0,0,0,0,,,,,,,
https://www.kcl.ac.uk/people/david-demeritt,0,0,0,0,0,,,,,,,
https://www.kcl.ac.uk/people/terry-dawson,0,0,0,0,0,,,,,,,
https://www.kcl.ac.uk/people/courtney-davis,0,0,0,0,0,,,,,,,
https://www.kcl.ac.uk/people/amrita-dhillon,0,0,0,0,0,,,,,,,
https://www.kcl.ac.uk/people/jon-davis,0,0,0,0,0,,,,,,,
https://www.kcl.ac.uk/people/vinicius-de-carvalho,0,0,0,0,0,,,,,,,
https://www.kcl.ac.uk/people/dr-martin-dewey,0,0,0,0,0,,,,,,,
https://www.kcl.ac.uk/people/tania-de-st-croix,0,0,0,0,0,,,,,,,
https://www.kcl.ac.uk/people/dr-david-easter,0,0,0,0,0,,,,,,,
https://www.kcl.ac.uk/people/dr-ferdinand-eibl,0,0,0,0,0,,,,,,,
https://www.kcl.ac.uk/people/dr-huw-dylan,0,0,0,0,0,,,,,,,
https://www.kcl.ac.uk/people/luke-dickens,0,0,0,0,0,,,,,,,
https://www.kcl.ac.uk/people/robin-douglass,0,0,0,0,0,,,,,,,
https://www.kcl.ac.uk/people/barnaby-dye,0,0,0,0,0,,,,,,,
https://www.kcl.ac.uk/people/martin-edwardes,0,0,0,0,0,,,,,,,
https://www.kcl.ac.uk/people/will-edmonds,0,0,0,0,0,,,,,,,
https://www.kcl.ac.uk/people/dr-jenny-driscoll,0,0,0,0,0,,,,,,,
https://www.kcl.ac.uk/people/amy-dodd,0,0,0,0,0,,,,,,,
https://www.kcl.ac.uk/people/devika-dutt,0,0,0,0,0,,,,,,,
https://www.kcl.ac.uk/people/dorman-professor-andrew,0,0,0,0,0,,,,,,,
https://www.kcl.ac.uk/people/nick-drake,0,0,0,0,0,,,,,,,
https://www.kcl.ac.uk/people/tamsin-edwards,0,0,0,0,0,,,,,,,
https://www.kcl.ac.uk/people/mark-eccleston-turner,0,0,0,0,0,,,,,,,
https://www.kcl.ac.uk/people/joe-fagan,0,0,0,0,0,,,,,,,
https://www.kcl.ac.uk/people/asmaa-elgamal,0,0,0,0,0,,,,,,,
https://www.kcl.ac.uk/people/dr-stephan-engelkamp,0,0,0,0,0,,,,,,,
https://www.kcl.ac.uk/people/adam-fagan,0,0,0,0,0,,,,,,,
https://www.kcl.ac.uk/people/maren-elfert,0,0,0,0,0,,,,,,,
https://www.kcl.ac.uk/people/loubna-el-amine,0,0,0,0,0,,,,,,,
https://www.kcl.ac.uk/people/andrea-ellner,0,0,0,0,0,,,,,,,
https://www.kcl.ac.uk/people/hassan-elbahtimy,0,0,0,0,0,,,,,,,
https://www.kcl.ac.uk/people/guntars-ermansons,0,0,0,0,0,,,,,,,
https://www.kcl.ac.uk/people/teresa-esteban-casanelles,0,0,0,0,0,,,,,,,
https://www.kcl.ac.uk/people/regina-enjuto-martinez,0,0,0,0,0,,,,,,,
https://www.kcl.ac.uk/people/dr-marcus-faulkner,0,0,0,0,0,,,,,,,
https://www.kcl.ac.uk/people/michael-farquhar,0,0,0,0,0,,,,,,,
https://www.kcl.ac.uk/people/alice-evans,0,0,0,0,0,,,,,,,
https://www.kcl.ac.uk/people/jonathan-fennell,0,0,0,0,0,,,,,,,
https://www.kcl.ac.uk/people/dr-frank-foley,0,0,0,0,0,,,,,,,
https://www.kcl.ac.uk/people/octavio-ferraz,0,0,0,0,0,,,,,,,
https://www.kcl.ac.uk/people/michael-flavin,0,0,0,0,0,,,,,,,
https://www.kcl.ac.uk/people/chase-foster,0,0,0,0,0,,,,,,,
https://www.kcl.ac.uk/people/aimee-fox,0,0,0,0,0,,,,,,,
https://www.kcl.ac.uk/people/robert-francis,0,0,0,0,0,,,,,,,
https://www.kcl.ac.uk/people/rebekka-friedman,0,0,0,0,0,,,,,,,
https://www.kcl.ac.uk/people/carmen-fulco,0,0,0,0,0,,,,,,,
https://www.kcl.ac.uk/people/william-fletcher,0,0,0,0,0,,,,,,,
https://www.kcl.ac.uk/people/russell-foster,0,0,0,0,0,,,,,,,
https://www.kcl.ac.uk/people/liz-fouksman,0,0,0,0,0,,,,,,,
https://www.kcl.ac.uk/people/dr-ofer-fridman,0,0,0,0,0,,,,,,,
https://www.kcl.ac.uk/people/foley-dr-robert,0,0,0,0,0,,,,,,,
https://www.kcl.ac.uk/people/dr-carla-finesilver,0,0,0,0,0,,,,,,,
https://www.kcl.ac.uk/people/professor-mervyn-frost,0,0,0,0,0,,,,,,,
https://www.kcl.ac.uk/people/dorota-gaskins,0,0,0,0,0,,,,,,,
https://www.kcl.ac.uk/people/robert-geist-pinfold,0,0,0,0,0,,,,,,,
https://www.kcl.ac.uk/people/ben-baumberg-geiger,0,0,0,0,0,,,,,,,
https://www.kcl.ac.uk/people/flavia-gasbarri,0,0,0,0,0,,,,,,,
https://www.kcl.ac.uk/people/mollie-gerver,0,0,0,0,0,,,,,,,
https://www.kcl.ac.uk/people/sharon-gewirtz,0,0,0,0,0,,,,,,,
https://www.kcl.ac.uk/people/alexandra-georgakopoulou,0,0,0,0,0,,,,,,,
https://www.kcl.ac.uk/people/julia-gallagher,0,0,0,0,0,,,,,,,
https://www.kcl.ac.uk/people/marco-giani,0,0,0,0,0,,,,,,,
https://www.kcl.ac.uk/people/dr-arthur-galamba,0,0,0,0,0,,,,,,,
https://www.kcl.ac.uk/people/rowan-gard,0,0,0,0,0,,,,,,,
https://www.kcl.ac.uk/people/dalia-gebrial,0,0,0,0,0,,,,,,,
https://www.kcl.ac.uk/people/german-dr-tracey,0,0,0,0,0,,,,,,,
https://www.kcl.ac.uk/people/roberto-fumagalli,0,0,0,0,0,,,,,,,
https://www.kcl.ac.uk/people/professor-john-gearson,0,0,0,0,0,,,,,,,
https://www.kcl.ac.uk/people/charlotte-goodburn,0,0,0,0,0,,,,,,,
https://www.kcl.ac.uk/people/christina-goulter,0,0,0,0,0,,,,,,,
https://www.kcl.ac.uk/people/daniele-girardi,0,0,0,0,0,,,,,,,
https://www.kcl.ac.uk/people/gooderson-dr-ian,0,0,0,0,0,,,,,,,
https://www.kcl.ac.uk/people/michael-goodman,0,0,0,0,0,,,,,,,
https://www.kcl.ac.uk/people/melissa-glackin,0,0,0,0,0,,,,,,,
https://www.kcl.ac.uk/people/david-green,0,0,0,0,0,,,,,,,
https://www.kcl.ac.uk/people/cyrus-golding,0,0,0,0,0,,,,,,,
https://www.kcl.ac.uk/people/dr-simon-gibbons,0,0,0,0,0,,,,,,,
https://www.kcl.ac.uk/people/emilie-glazer,0,0,0,0,0,,,,,,,
https://www.kcl.ac.uk/people/yundan-gong,0,0,0,0,0,,,,,,,
https://www.kcl.ac.uk/people/gould-dr-alex,0,0,0,0,0,,,,,,,
https://www.kcl.ac.uk/people/david-gioe,0,0,0,0,0,,,,,,,
https://www.kcl.ac.uk/people/karen-glaser,0,0,0,0,0,,,,,,,
https://www.kcl.ac.uk/people/niraja-gopal-jayal,0,0,0,0,0,,,,,,,
https://www.kcl.ac.uk/people/griffin-dr-stuart,0,0,0,0,0,,,,,,,
https://www.kcl.ac.uk/people/yasmin-gunaratnam,0,0,0,0,0,,,,,,,
https://www.kcl.ac.uk/people/alonso-gurmendi-dunkelberg,0,0,0,0,0,,,,,,,
https://www.kcl.ac.uk/people/anna-gwiazda,0,0,0,0,0,,,,,,,
https://www.kcl.ac.uk/people/groppi-dr-michele,0,0,0,0,0,,,,,,,
https://www.kcl.ac.uk/people/dr-stacey-gutkowski-1,0,0,0,0,0,,,,,,,
https://www.kcl.ac.uk/people/tianne-haggar,0,0,0,0,0,,,,,,,
https://www.kcl.ac.uk/people/ivan-grigoriev,0,0,0,0,0,,,,,,,
https://www.kcl.ac.uk/people/alex-hadwen-bennett,0,0,0,0,0,,,,,,,
https://www.kcl.ac.uk/people/samuel-greene,0,0,0,0,0,,,,,,,
https://www.kcl.ac.uk/people/li-guo,0,0,0,0,0,,,,,,,
https://www.kcl.ac.uk/people/christoffer-guldberg-1,0,0,0,0,0,,,,,,,
https://www.kcl.ac.uk/people/ellen-hallams,0,0,0,0,0,,,,,,,
https://www.kcl.ac.uk/people/juan-grigera,0,0,0,0,0,,,,,,,
https://www.kcl.ac.uk/people/jeroen-gunning,0,0,0,0,0,,,,,,,
https://www.kcl.ac.uk/people/hilborne-dr-mark,0,0,0,0,0,,,,,,,
https://www.kcl.ac.uk/people/kate-harrison,0,0,0,0,0,,,,,,,
https://www.kcl.ac.uk/people/rachel-harrington-abrams,0,0,0,0,0,,,,,,,
https://www.kcl.ac.uk/people/shaun-hargreaves-heap,0,0,0,0,0,,,,,,,
https://www.kcl.ac.uk/people/jessica-hamer,0,0,0,0,0,,,,,,,
https://www.kcl.ac.uk/people/ingrid-harvold-kvangraven,0,0,0,0,0,,,,,,,
https://www.kcl.ac.uk/people/hill-professor-jonathan,0,0,0,0,0,,,,,,,
https://www.kcl.ac.uk/people/lulu-healy-1,0,0,0,0,0,,,,,,,
https://www.kcl.ac.uk/people/jane-hayward,0,0,0,0,0,,,,,,,
https://www.kcl.ac.uk/people/clare-herrick,0,0,0,0,0,,,,,,,
https://www.kcl.ac.uk/people/steve-harry,0,0,0,0,0,,,,,,,
https://www.kcl.ac.uk/people/christine-harrison,0,0,0,0,0,,,,,,,
https://www.kcl.ac.uk/people/pauline-sophie-heinrichs,0,0,0,0,0,,,,,,,
https://www.kcl.ac.uk/people/isabelle-hertner,0,0,0,0,0,,,,,,,
https://www.kcl.ac.uk/people/isobel-harrop,0,0,0,0,0,,,,,,,
https://www.kcl.ac.uk/people/dr-jill-hohenstein,0,0,0,0,0,,,,,,,
https://www.kcl.ac.uk/people/david-hope,0,0,0,0,0,,,,,,,
https://www.kcl.ac.uk/people/aisha-hutchinson,0,0,0,0,0,,,,,,,
https://www.kcl.ac.uk/people/mehmet-ismail,0,0,0,0,0,,,,,,,
https://www.kcl.ac.uk/people/geraint-hughes,0,0,0,0,0,,,,,,,
https://www.kcl.ac.uk/people/amy-hinterberger,0,0,0,0,0,,,,,,,
https://www.kcl.ac.uk/people/christopher-hobbs,0,0,0,0,0,,,,,,,
https://www.kcl.ac.uk/people/philip-hubbard,0,0,0,0,0,,,,,,,
https://www.kcl.ac.uk/people/humeira-iqtidar,0,0,0,0,0,,,,,,,
https://www.kcl.ac.uk/people/olawale-ismail,0,0,0,0,0,,,,,,,
https://www.kcl.ac.uk/people/christopher-holmes,0,0,0,0,0,,,,,,,
https://www.kcl.ac.uk/people/eka-ikpe,0,0,0,0,0,,,,,,,
https://www.kcl.ac.uk/people/billy-holzberg,0,0,0,0,0,,,,,,,
https://www.kcl.ac.uk/people/sarah-hodges,0,0,0,0,0,,,,,,,
https://www.kcl.ac.uk/people/dr-aggie-hirst,0,0,0,0,0,,,,,,,
https://www.kcl.ac.uk/people/peter-john,0,0,0,0,0,,,,,,,
https://www.kcl.ac.uk/people/jordan-dr-david,0,0,0,0,0,,,,,,,
https://www.kcl.ac.uk/people/dr-jane-jones,0,0,0,0,0,,,,,,,
https://www.kcl.ac.uk/people/dr-scott-james,0,0,0,0,0,,,,,,,
https://www.kcl.ac.uk/people/jackson-professor-ashley,0,0,0,0,0,,,,,,,
https://www.kcl.ac.uk/people/margaret-kadiri,0,0,0,0,0,,,,,,,
https://www.kcl.ac.uk/people/ben-jones,0,0,0,0,0,,,,,,,
https://www.kcl.ac.uk/people/nele-jensen,0,0,0,0,0,,,,,,,
https://www.kcl.ac.uk/people/sorana-cristina-jude,0,0,0,0,0,,,,,,,
https://www.kcl.ac.uk/people/dr-alan-james,0,0,0,0,0,,,,,,,
https://www.kcl.ac.uk/people/colin-jennings,0,0,0,0,0,,,,,,,
https://www.kcl.ac.uk/people/vivienne-jabri,0,0,0,0,0,,,,,,,
https://www.kcl.ac.uk/people/professor-jeremy-jennings,0,0,0,0,0,,,,,,,
https://www.kcl.ac.uk/people/jalili-dr-duraid,0,0,0,0,0,,,,,,,
https://www.kcl.ac.uk/people/christophe-jaffrelot,0,0,0,0,0,,,,,,,
https://www.kcl.ac.uk/people/aisha-khan-evans,0,0,0,0,0,,,,,,,
https://www.kcl.ac.uk/people/nahee-kang,0,0,0,0,0,,,,,,,
https://www.kcl.ac.uk/people/kamel-dr-amir-magdy,0,0,0,0,0,,,,,,,
https://www.kcl.ac.uk/people/michael-kandiah,0,0,0,0,0,,,,,,,
https://www.kcl.ac.uk/people/maia-king,0,0,0,0,0,,,,,,,
https://www.kcl.ac.uk/people/ewa-karwowski,0,0,0,0,0,,,,,,,
https://www.kcl.ac.uk/people/kriti-kapila,0,0,0,0,0,,,,,,,
https://www.kcl.ac.uk/people/peter-kemp,0,0,0,0,0,,,,,,,
https://www.kcl.ac.uk/people/professor-rachel-kerr,0,0,0,0,0,,,,,,,
https://www.kcl.ac.uk/people/dr-heather-king,0,0,0,0,0,,,,,,,
https://www.kcl.ac.uk/people/kienzle-dr-benjamin,0,0,0,0,0,,,,,,,
https://www.kcl.ac.uk/people/karagiannis-dr-emmanuel,0,0,0,0,0,,,,,,,
https://www.kcl.ac.uk/people/ambarish-karamchedu,0,0,0,0,0,,,,,,,
https://www.kcl.ac.uk/people/hanna-kienzler,0,0,0,0,0,,,,,,,
https://www.kcl.ac.uk/people/kennedy-professor-greg,0,0,0,0,0,,,,,,,
https://www.kcl.ac.uk/people/dr-hanna-kleider,0,0,0,0,0,,,,,,,
https://www.kcl.ac.uk/people/knapton-dr-olivia,0,0,0,0,0,,,,,,,
https://www.kcl.ac.uk/people/kinsey-dr-christopher,0,0,0,0,0,,,,,,,
https://www.kcl.ac.uk/people/krzysztof-krakowski,0,0,0,0,0,,,,,,,
https://www.kcl.ac.uk/people/philip-kirby,0,0,0,0,0,,,,,,,
https://www.kcl.ac.uk/people/krieg-dr-andreas,0,0,0,0,0,,,,,,,
https://www.kcl.ac.uk/people/steven-klein,0,0,0,0,0,,,,,,,
https://www.kcl.ac.uk/people/jayne-kranat,0,0,0,0,0,,,,,,,
https://www.kcl.ac.uk/people/margaryta-klymak,0,0,0,0,0,,,,,,,
https://www.kcl.ac.uk/people/bouke-klein-teeselink,0,0,0,0,0,,,,,,,
https://www.kcl.ac.uk/people/allison-koh,0,0,0,0,0,,,,,,,
https://www.kcl.ac.uk/people/aleksandra-kubat,0,0,0,0,0,,,,,,,
https://www.kcl.ac.uk/people/christel-koop,0,0,0,0,0,,,,,,,
https://www.kcl.ac.uk/people/ksenia-kirkham,0,0,0,0,0,,,,,,,
https://www.kcl.ac.uk/people/dr-natasha-kuhrt-2,0,0,0,0,0,,,,,,,
https://www.kcl.ac.uk/people/professor-peter-kutnick,0,0,0,0,0,,,,,,,
https://www.kcl.ac.uk/people/dr-charlie-laderman,0,0,0,0,0,,,,,,,
https://www.kcl.ac.uk/people/filippa-lentzos,0,0,0,0,0,,,,,,,
https://www.kcl.ac.uk/people/mark-langan,0,0,0,0,0,,,,,,,
https://www.kcl.ac.uk/people/jonathan-leader-maynard,0,0,0,0,0,,,,,,,
https://www.kcl.ac.uk/people/professor-andrew-lambert,0,0,0,0,0,,,,,,,
https://www.kcl.ac.uk/people/leoni-dr-zeno,0,0,0,0,0,,,,,,,
https://www.kcl.ac.uk/people/amanda-lenhardt,0,0,0,0,0,,,,,,,
https://www.kcl.ac.uk/people/soohyun-lee,0,0,0,0,0,,,,,,,
https://www.kcl.ac.uk/people/walter-ladwig-iii,0,0,0,0,0,,,,,,,
https://www.kcl.ac.uk/people/alexander-kupatadze,0,0,0,0,0,,,,,,,
https://www.kcl.ac.uk/people/craig-larkin,0,0,0,0,0,,,,,,,
https://www.kcl.ac.uk/people/karlygash-kuralbayeva,0,0,0,0,0,,,,,,,
https://www.kcl.ac.uk/people/dr-reinoud-leenders-1,0,0,0,0,0,,,,,,,
https://www.kcl.ac.uk/people/gabriel-leon-ablan,0,0,0,0,0,,,,,,,
https://www.kcl.ac.uk/people/professor-joe-maiolo,0,0,0,0,0,,,,,,,
https://www.kcl.ac.uk/people/liming-li,0,0,0,0,0,,,,,,,
https://www.kcl.ac.uk/people/alex-loftus,0,0,0,0,0,,,,,,,
https://www.kcl.ac.uk/people/ragnar-lofstedt,0,0,0,0,0,,,,,,,
https://www.kcl.ac.uk/people/ian-levely,0,0,0,0,0,,,,,,,
https://www.kcl.ac.uk/people/professor-meg-maguire,0,0,0,0,0,,,,,,,
https://www.kcl.ac.uk/people/julian-limberg,0,0,0,0,0,,,,,,,
https://www.kcl.ac.uk/people/kevin-lougheed,0,0,0,0,0,,,,,,,
https://www.kcl.ac.uk/people/alexandre-loktionov,0,0,0,0,0,,,,,,,
https://www.kcl.ac.uk/people/professor-paul-lewis,0,0,0,0,0,,,,,,,
https://www.kcl.ac.uk/people/professor-constant-leung,0,0,0,0,0,,,,,,,
https://www.kcl.ac.uk/people/nicola-leveringhaus,0,0,0,0,0,,,,,,,
https://www.kcl.ac.uk/people/ye-liu,0,0,0,0,0,,,,,,,
https://www.kcl.ac.uk/people/nick-lloyd,0,0,0,0,0,,,,,,,
https://www.kcl.ac.uk/people/dr-shiraz-maher,0,0,0,0,0,,,,,,,
https://www.kcl.ac.uk/people/dr-liviu-matei,0,0,0,0,0,,,,,,,
https://www.kcl.ac.uk/people/kevin-mazur,0,0,0,0,0,,,,,,,
https://www.kcl.ac.uk/people/andrew-massey,0,0,0,0,0,,,,,,,
https://www.kcl.ac.uk/people/jenna-marshall,0,0,0,0,0,,,,,,,
https://www.kcl.ac.uk/people/alex-manning,0,0,0,0,0,,,,,,,
https://www.kcl.ac.uk/people/dr-tomas-maltby,0,0,0,0,0,,,,,,,
https://www.kcl.ac.uk/people/sally-marlow,0,0,0,0,0,,,,,,,
https://www.kcl.ac.uk/people/tom-matthews,0,0,0,0,0,,,,,,,
https://www.kcl.ac.uk/people/mccartney-dr-helen,0,0,0,0,0,,,,,,,
https://www.kcl.ac.uk/people/dr-francisco-mazzola,0,0,0,0,0,,,,,,,
https://www.kcl.ac.uk/people/rosie-mayston,0,0,0,0,0,,,,,,,
https://www.kcl.ac.uk/people/susan-martin,0,0,0,0,0,,,,,,,
https://www.kcl.ac.uk/people/ayo-mansaray,0,0,0,0,0,,,,,,,
https://www.kcl.ac.uk/people/konstantinos-matakos,0,0,0,0,0,,,,,,,
https://www.kcl.ac.uk/people/dr-bethan-marshall,0,0,0,0,0,,,,,,,
https://www.kcl.ac.uk/people/christoph-meyer,0,0,0,0,0,,,,,,,
https://www.kcl.ac.uk/people/paul-mcgarr,0,0,0,0,0,,,,,,,
https://www.kcl.ac.uk/people/anand-menon,0,0,0,0,0,,,,,,,
https://www.kcl.ac.uk/people/jeffrey-michaels,0,0,0,0,0,,,,,,,
https://www.kcl.ac.uk/people/james-millington,0,0,0,0,0,,,,,,,
https://www.kcl.ac.uk/people/francesca-meloni-2,0,0,0,0,0,,,,,,,
https://www.kcl.ac.uk/people/cathy-mcilwaine,0,0,0,0,0,,,,,,,
https://www.kcl.ac.uk/people/dr-nicholas-michelsen,0,0,0,0,0,,,,,,,
https://www.kcl.ac.uk/people/linda-mckie,0,0,0,0,0,,,,,,,
https://www.kcl.ac.uk/people/dr-john-meadowcroft,0,0,0,0,0,,,,,,,
https://www.kcl.ac.uk/people/dr-mili,0,0,0,0,0,,,,,,,
https://www.kcl.ac.uk/people/sarah-louise-miller,0,0,0,0,0,,,,,,,
https://www.kcl.ac.uk/people/angus-mcnelly,0,0,0,0,0,,,,,,,
https://www.kcl.ac.uk/people/katie-meehan,0,0,0,0,0,,,,,,,
https://www.kcl.ac.uk/people/emma-moffett,0,0,0,0,0,,,,,,,
https://www.kcl.ac.uk/people/mona-morgan-collins,0,0,0,0,0,,,,,,,
https://www.kcl.ac.uk/people/elena-minina,0,0,0,0,0,,,,,,,
https://www.kcl.ac.uk/people/cristian-montenegro,0,0,0,0,0,,,,,,,
https://www.kcl.ac.uk/people/martin-moore,0,0,0,0,0,,,,,,,
https://www.kcl.ac.uk/people/soumya-mishra,0,0,0,0,0,,,,,,,
https://www.kcl.ac.uk/people/kieran-mitton,0,0,0,0,0,,,,,,,
https://www.kcl.ac.uk/people/stephen-morgan,0,0,0,0,0,,,,,,,
https://www.kcl.ac.uk/people/morgan-owen-dr-david,0,0,0,0,0,,,,,,,
https://www.kcl.ac.uk/people/jeni-mitchell,0,0,0,0,0,,,,,,,
https://www.kcl.ac.uk/people/paolo-morini,0,0,0,0,0,,,,,,,
https://www.kcl.ac.uk/people/naho-mirumachi,0,0,0,0,0,,,,,,,
https://www.kcl.ac.uk/people/maryam-mirfatah,0,0,0,0,0,,,,,,,
https://www.kcl.ac.uk/people/matthew-moran,0,0,0,0,0,,,,,,,
https://www.kcl.ac.uk/people/moody-dr-simon,0,0,0,0,0,,,,,,,
https://www.kcl.ac.uk/people/daanish-mustafa,0,0,0,0,0,,,,,,,
https://www.kcl.ac.uk/people/rishita-nandagiri,0,0,0,0,0,,,,,,,
https://www.kcl.ac.uk/people/astrid-nordin,0,0,0,0,0,,,,,,,
https://www.kcl.ac.uk/people/professor-roger-mortimore,0,0,0,0,0,,,,,,,
https://www.kcl.ac.uk/people/helen-murray,0,0,0,0,0,,,,,,,
https://www.kcl.ac.uk/people/john-narayan,0,0,0,0,0,,,,,,,
https://www.kcl.ac.uk/people/nemeth-dr-bence,0,0,0,0,0,,,,,,,
https://www.kcl.ac.uk/people/mark-mulligan,0,0,0,0,0,,,,,,,
https://www.kcl.ac.uk/people/laura-newman,0,0,0,0,0,,,,,,,
https://www.kcl.ac.uk/people/nithya-natarajan,0,0,0,0,0,,,,,,,
https://www.kcl.ac.uk/people/anit-mukherjee,0,0,0,0,0,,,,,,,
https://www.kcl.ac.uk/people/dr-julia-nicholls,0,0,0,0,0,,,,,,,
https://www.kcl.ac.uk/people/konstantinos-myrodias,0,0,0,0,0,,,,,,,
https://www.kcl.ac.uk/people/adnan-naseemullah,0,0,0,0,0,,,,,,,
https://www.kcl.ac.uk/people/marguerite-muller,0,0,0,0,0,,,,,,,
https://www.kcl.ac.uk/people/eduardo-ortiz-juarez,0,0,0,0,0,,,,,,,
https://www.kcl.ac.uk/people/dr-eitan-oren,0,0,0,0,0,,,,,,,
https://www.kcl.ac.uk/people/raluca-pahontu,0,0,0,0,0,,,,,,,
https://www.kcl.ac.uk/people/dr-alessio-patalano,0,0,0,0,0,,,,,,,
https://www.kcl.ac.uk/people/funmi-olonisakin,0,0,0,0,0,,,,,,,
https://www.kcl.ac.uk/people/sue-onslow,0,0,0,0,0,,,,,,,
https://www.kcl.ac.uk/people/ogiermann-dr-eva,0,0,0,0,0,,,,,,,
https://www.kcl.ac.uk/people/celia-parker-vincent,0,0,0,0,0,,,,,,,
https://www.kcl.ac.uk/people/owens-dr-john,0,0,0,0,0,,,,,,,
https://www.kcl.ac.uk/people/ramon-pacheco-pardo,0,0,0,0,0,,,,,,,
https://www.kcl.ac.uk/people/ohalloran-dr-kieran,0,0,0,0,0,,,,,,,
https://www.kcl.ac.uk/people/sabina-pacariz,0,0,0,0,0,,,,,,,
https://www.kcl.ac.uk/people/nina-obermeier,0,0,0,0,0,,,,,,,
https://www.kcl.ac.uk/people/bronwyn-parry,0,0,0,0,0,,,,,,,
https://www.kcl.ac.uk/people/obrien-amy,0,0,0,0,0,,,,,,,
https://www.kcl.ac.uk/people/carmen-pavel,0,0,0,0,0,,,,,,,
https://www.kcl.ac.uk/people/professor-mark-pennington,0,0,0,0,0,,,,,,,
https://www.kcl.ac.uk/people/pepper-david,0,0,0,0,0,,,,,,,
https://www.kcl.ac.uk/people/dr-julia-pearce,0,0,0,0,0,,,,,,,
https://www.kcl.ac.uk/people/preeti-patel,0,0,0,0,0,,,,,,,
https://www.kcl.ac.uk/people/michelle-pentecost,0,0,0,0,0,,,,,,,
https://www.kcl.ac.uk/people/professor-william-philpott,0,0,0,0,0,,,,,,,
https://www.kcl.ac.uk/people/paul-pickering,0,0,0,0,0,,,,,,,
https://www.kcl.ac.uk/people/barbara-piotrowska,0,0,0,0,0,,,,,,,
https://www.kcl.ac.uk/people/anastasia-piliavsky,0,0,0,0,0,,,,,,,
https://www.kcl.ac.uk/people/alexandre-pereira,0,0,0,0,0,,,,,,,
https://www.kcl.ac.uk/people/aisha-phoenix,0,0,0,0,0,,,,,,,
https://www.kcl.ac.uk/people/aleksandra-piletic,0,0,0,0,0,,,,,,,
https://www.kcl.ac.uk/people/payne-dr-kenneth,0,0,0,0,0,,,,,,,
https://www.kcl.ac.uk/people/anthony-pereira,0,0,0,0,0,,,,,,,
https://www.kcl.ac.uk/people/rampton-professor-ben,0,0,0,0,0,,,,,,,
https://www.kcl.ac.uk/people/amjed-rasheed,0,0,0,0,0,,,,,,,
https://www.kcl.ac.uk/people/anne-marie-rafferty,0,0,1,0,0,,,,,,,
https://www.kcl.ac.uk/people/eloi-puig-mayenco,0,0,0,0,0,,,,,,,
https://www.kcl.ac.uk/people/thomas-f-purcell,0,0,0,0,0,,,,,,,
https://www.kcl.ac.uk/people/james-porter,0,0,0,0,0,,,,,,,
https://www.kcl.ac.uk/people/anne-pollock,0,0,0,0,0,,,,,,,
https://www.kcl.ac.uk/people/joel-rabinovich,0,0,0,0,0,,,,,,,
https://www.kcl.ac.uk/people/professor-jonathan-portes,0,0,0,0,0,,,,,,,
https://www.kcl.ac.uk/people/podder-sukanya,0,0,0,0,0,,,,,,,
https://www.kcl.ac.uk/people/saawani-raje-byrne,0,0,0,0,0,,,,,,,
https://www.kcl.ac.uk/people/anna-plunkett,0,0,0,0,0,,,,,,,
https://www.kcl.ac.uk/people/lucia-pradella,0,0,0,0,0,,,,,,,
https://www.kcl.ac.uk/people/samah-rafiq,0,0,0,0,0,,,,,,,
https://www.kcl.ac.uk/people/jayaseelan-raj,0,0,0,0,0,,,,,,,
https://www.kcl.ac.uk/people/portia-roelofs,0,0,0,0,0,,,,,,,
https://www.kcl.ac.uk/people/robb-webb-dr-jon,0,0,0,0,0,,,,,,,
https://www.kcl.ac.uk/people/robert-reamer,0,0,0,0,0,,,,,,,
https://www.kcl.ac.uk/people/david-reubi,0,0,0,0,0,,,,,,,
https://www.kcl.ac.uk/people/viktor-roezer,0,0,0,0,0,,,,,,,
https://www.kcl.ac.uk/people/anne-rasmussen,0,0,0,0,0,,,,,,,
https://www.kcl.ac.uk/people/gloriana-rodriguez-alvarez,0,0,0,0,0,,,,,,,
https://www.kcl.ac.uk/people/richardson-dr-christina,0,0,0,0,0,,,,,,,
https://www.kcl.ac.uk/people/jessica-rees,0,0,0,0,0,,,,,,,
https://www.kcl.ac.uk/people/dr-henry-redwood,0,0,0,0,0,,,,,,,
https://www.kcl.ac.uk/people/dr-david-b-roberts,0,0,0,0,0,,,,,,,
https://www.kcl.ac.uk/people/dr-daniela-richterova,0,0,0,0,0,,,,,,,
https://www.kcl.ac.uk/people/brooke-rogers,0,0,0,1,0,,,,,,,
https://www.kcl.ac.uk/people/roberto-roccu,0,0,0,0,0,,,,,,,
https://www.kcl.ac.uk/people/nicola-rollock,0,0,0,0,0,,,,,,,
https://www.kcl.ac.uk/people/santiago-sanchez-pages,0,0,0,0,0,,,,,,,
https://www.kcl.ac.uk/people/sanders-dr-deborah,0,0,0,0,0,,,,,,,
https://www.kcl.ac.uk/people/doerthe-rosenow,0,0,0,0,0,,,,,,,
https://www.kcl.ac.uk/people/henry-rothstein,0,0,0,0,0,,,,,,,
https://www.kcl.ac.uk/people/dr-domitilla-sagramoso,0,0,0,0,0,,,,,,,
https://www.kcl.ac.uk/people/brian-salter,0,0,0,0,0,,,,,,,
https://www.kcl.ac.uk/people/dr-maeve-ryan,0,0,0,0,0,,,,,,,
https://www.kcl.ac.uk/people/gabrielle-samuel,0,0,0,0,0,,,,,,,
https://www.kcl.ac.uk/people/paul-sagar,0,0,0,0,0,,,,,,,
https://www.kcl.ac.uk/people/farhan-samanani,0,0,0,0,0,,,,,,,
https://www.kcl.ac.uk/people/georgios-samaras,0,0,0,0,0,,,,,,,
https://www.kcl.ac.uk/people/jon-roozenbeek,0,0,0,0,0,,,,,,,
https://www.kcl.ac.uk/people/marsha-rosengarten,0,0,0,0,0,,,,,,,
https://www.kcl.ac.uk/people/magnus-ryner,0,0,0,0,0,,,,,,,
https://www.kcl.ac.uk/people/ruben-ruiz-rufino,0,0,0,0,0,,,,,,,
https://www.kcl.ac.uk/people/clement-sefa-nyarko,0,0,0,0,0,,,,,,,
https://www.kcl.ac.uk/people/schelhase-dr-marc,0,0,0,0,0,,,,,,,
https://www.kcl.ac.uk/people/radostina-tina-schivatcheva,0,0,0,0,0,,,,,,,
https://www.kcl.ac.uk/people/dr-diego-santori,0,0,0,0,0,,,,,,,
https://www.kcl.ac.uk/people/daniel-schillereff,0,0,0,0,0,,,,,,,
https://www.kcl.ac.uk/people/caitlin-schmid,0,0,0,0,0,,,,,,,
https://www.kcl.ac.uk/people/scott-dr-catherine,0,0,0,0,0,,,,,,,
https://www.kcl.ac.uk/people/florian-tomas-schaefer,0,0,0,0,0,,,,,,,
https://www.kcl.ac.uk/people/michele-scotto-di-vettimo,0,0,0,0,0,,,,,,,
https://www.kcl.ac.uk/people/lee-savage,0,0,0,0,0,,,,,,,
https://www.kcl.ac.uk/people/kate-schreckenberg,0,0,0,0,0,,,,,,,
https://www.kcl.ac.uk/people/camilla-schofield,0,0,0,0,0,,,,,,,
https://www.kcl.ac.uk/people/james-scott,0,0,0,0,0,,,,,,,
https://www.kcl.ac.uk/people/lavanya-sankaran,0,0,0,0,0,,,,,,,
https://www.kcl.ac.uk/people/richard-schofield,0,0,0,0,0,,,,,,,
https://www.kcl.ac.uk/people/shounak-set,0,0,0,0,0,,,,,,,
https://www.kcl.ac.uk/people/zahratu-shabrina,0,0,0,0,0,,,,,,,
https://www.kcl.ac.uk/people/agnieszka-sobocinska,0,0,0,0,0,,,,,,,
https://www.kcl.ac.uk/people/ozge-soylemez,0,0,0,0,0,,,,,,,
https://www.kcl.ac.uk/people/sean-kenji-starrs,0,0,0,0,0,,,,,,,
https://www.kcl.ac.uk/people/srilata-sircar,0,0,0,0,0,,,,,,,
https://www.kcl.ac.uk/people/jenni-sherriff,0,0,0,0,0,,,,,,,
https://www.kcl.ac.uk/people/simon-sleight,0,0,0,0,0,,,,,,,
https://www.kcl.ac.uk/people/keith-smith,0,0,0,0,0,,,,,,,
https://www.kcl.ac.uk/people/gulnaz-sharafutdinova,0,0,0,0,0,,,,,,,
https://www.kcl.ac.uk/people/olga-siemers,0,0,0,0,0,,,,,,,
https://www.kcl.ac.uk/people/harry-smith,0,0,0,0,0,,,,,,,
https://www.kcl.ac.uk/people/tanisha-spratt,0,0,0,0,0,,,,,,,
https://www.kcl.ac.uk/people/moses-shayo,0,0,0,0,0,,,,,,,
https://www.kcl.ac.uk/people/anja-shortland-1,0,0,0,0,0,,,,,,,
https://www.kcl.ac.uk/people/lama-tawakkol,0,0,0,0,0,,,,,,,
https://www.kcl.ac.uk/people/engelbert-stockhammer,0,0,0,0,0,,,,,,,
https://www.kcl.ac.uk/people/mayssoun-sukarieh,0,0,0,0,0,,,,,,,
https://www.kcl.ac.uk/people/leila-simona-talani,0,0,0,0,0,,,,,,,
https://www.kcl.ac.uk/people/xin-sun,0,0,0,0,0,,,,,,,
https://www.kcl.ac.uk/people/holger-stritzel,0,0,0,0,0,,,,,,,
https://www.kcl.ac.uk/people/taylor-dr-andrew,0,0,0,0,0,,,,,,,
https://www.kcl.ac.uk/people/sarah-steadman,0,0,0,0,0,,,,,,,
https://www.kcl.ac.uk/people/tim-stevens,0,0,0,0,0,,,,,,,
https://www.kcl.ac.uk/people/dr-john-stone,0,0,0,0,0,,,,,,,
https://www.kcl.ac.uk/people/faith-taylor,0,0,0,0,0,,,,,,,
https://www.kcl.ac.uk/people/nancy-tamimi,0,0,0,0,0,,,,,,,
https://www.kcl.ac.uk/people/professor-beatrice-szczepek-reed,0,0,0,0,0,,,,,,,
https://www.kcl.ac.uk/people/andy-sumner,0,0,0,0,0,,,,,,,
https://www.kcl.ac.uk/people/chris-tang,0,0,0,0,0,,,,,,,
https://www.kcl.ac.uk/people/thornton-dr-rod,0,0,0,0,0,,,,,,,
https://www.kcl.ac.uk/people/louise-tillin,0,0,0,0,0,,,,,,,
https://www.kcl.ac.uk/people/nathaniel-telemaque,0,0,0,0,0,,,,,,,
https://www.kcl.ac.uk/people/dr-christopher-tribble,0,0,0,0,0,,,,,,,
https://www.kcl.ac.uk/people/sheba-tejani,0,0,0,0,0,,,,,,,
https://www.kcl.ac.uk/people/dr-anwar-tlili,0,0,0,0,0,,,,,,,
https://www.kcl.ac.uk/people/dr-emma-towers,0,0,0,0,0,,,,,,,
https://www.kcl.ac.uk/people/anthea-tinker,0,0,1,0,0,,,,,,,
https://www.kcl.ac.uk/people/benjamin-tippet-1,0,0,0,0,0,,,,,,,
https://www.kcl.ac.uk/people/giulia-torino,0,0,0,0,0,,,,,,,
https://www.kcl.ac.uk/people/adam-tebble,0,0,0,0,0,,,,,,,
https://www.kcl.ac.uk/people/tripodi-dr-christian,0,0,0,0,0,,,,,,,
https://www.kcl.ac.uk/people/emma-tebbs,0,0,0,0,0,,,,,,,
https://www.kcl.ac.uk/people/panos-theodoropoulos,0,0,0,0,0,,,,,,,
https://www.kcl.ac.uk/people/moses-tofa,0,0,0,0,0,,,,,,,
https://www.kcl.ac.uk/people/jimena-valdez,0,0,0,0,0,,,,,,,
https://www.kcl.ac.uk/people/maria-vasilaki,0,0,0,0,0,,,,,,,
https://www.kcl.ac.uk/people/dr-adnan-vatansever,0,0,0,0,0,,,,,,,
https://www.kcl.ac.uk/people/uttley-professor-matt,0,0,0,0,0,,,,,,,
https://www.kcl.ac.uk/people/utting-dr-kate,0,0,0,0,0,,,,,,,
https://www.kcl.ac.uk/people/dr-maria-varaki,0,0,0,0,0,,,,,,,
https://www.kcl.ac.uk/people/lucy-van-de-wiel,0,0,0,0,0,,,,,,,
https://www.kcl.ac.uk/people/matia-vannoni,0,0,0,0,0,,,,,,,
https://www.kcl.ac.uk/people/sarah-tzinieris,0,0,0,0,0,,,,,,,
https://www.kcl.ac.uk/people/sofia-vasilopoulou,0,0,0,0,0,,,,,,,
https://www.kcl.ac.uk/people/tuck-dr-chris,0,0,0,0,0,,,,,,,
https://www.kcl.ac.uk/people/dr-patrick-j-vernon,0,0,0,0,0,,,,,,,
https://www.kcl.ac.uk/people/matthew-tyce,0,0,0,0,0,,,,,,,
https://www.kcl.ac.uk/people/konstantinos-tsimonis,0,0,0,0,0,,,,,,,
https://www.kcl.ac.uk/people/fiona-turner,0,0,0,0,0,,,,,,,
https://www.kcl.ac.uk/people/hannah-walters,0,0,0,0,0,,,,,,,
https://www.kcl.ac.uk/people/wilson-alex-dr,0,0,0,0,0,,,,,,,
https://www.kcl.ac.uk/people/benedetta-voltolini,0,0,0,0,0,,,,,,,
https://www.kcl.ac.uk/people/thomas-white,0,0,0,0,0,,,,,,,
https://www.kcl.ac.uk/people/zaki-wahhaj,0,0,0,0,0,,,,,,,
https://www.kcl.ac.uk/people/alberto-vesperoni,0,0,0,0,0,,,,,,,
https://www.kcl.ac.uk/people/henk-wagenaar,0,0,0,0,0,,,,,,,
https://www.kcl.ac.uk/people/zheng-wang,0,0,0,0,0,,,,,,,
https://www.kcl.ac.uk/people/rosalie-warnock,0,0,0,0,0,,,,,,,
https://www.kcl.ac.uk/people/pierre-louis-vezina,0,0,0,0,0,,,,,,,
https://www.kcl.ac.uk/people/mary-webb,0,0,0,0,0,,,,,,,
https://www.kcl.ac.uk/people/barney-walsh,0,0,0,0,0,,,,,,,
https://www.kcl.ac.uk/people/daoping-wang,0,0,0,0,0,,,,,,,
https://www.kcl.ac.uk/people/whetham-dr-david,0,0,0,0,0,,,,,,,
https://www.kcl.ac.uk/people/jingxian-wang,0,0,0,0,0,,,,,,,
https://www.kcl.ac.uk/people/ina-zharkevich,0,0,0,0,0,,,,,,,
https://www.kcl.ac.uk/people/xiaxia-yang,0,0,0,0,0,,,,,,,
https://www.kcl.ac.uk/people/saskia-zielinska,0,0,0,0,0,,,,,,,
https://www.kcl.ac.uk/people/martin-wooster,0,0,0,0,0,,,,,,,
https://www.kcl.ac.uk/people/wei-yang,0,0,0,0,0,,,,,,,
https://www.kcl.ac.uk/people/dr-barbara-zanchetta,0,0,0,0,0,,,,,,,
https://www.kcl.ac.uk/people/ursula-woolley,0,0,0,0,0,,,,,,,
https://www.kcl.ac.uk/people/marta-wojciechowska,0,0,0,0,0,,,,,,,
https://www.kcl.ac.uk/people/dr-jim-wolfreys,0,0,0,0,0,,,,,,,
https://www.kcl.ac.uk/people/ursula-dr-wingate,0,0,0,0,0,,,,,,,
https://www.kcl.ac.uk/people/yanran-yao,0,0,0,0,0,,,,,,,
https://www.kcl.ac.uk/people/rafeef-ziadah,0,0,0,0,0,,,,,,,
https://www.kcl.ac.uk/people/hannah-wright,0,0,0,0,0,,,,,,,
https://www.kcl.ac.uk/people/lucy-wood-1,0,0,0,0,0,,,,,,,
https://www.kcl.ac.uk/people/chris-winch,0,0,0,0,0,,,,,,,
https://www.kcl.ac.uk/people/johanna-amaya-panche,0,0,0,0,0,,,,,,,
https://www.kcl.ac.uk/people/guendalina-anzolin,0,0,0,0,0,,,,,,,
https://www.kcl.ac.uk/people/david-banks,0,0,0,0,0,,,,,,,
https://www.kcl.ac.uk/people/dorte-bemme,0,0,0,0,0,,,,,,,
https://www.kcl.ac.uk/people/corbett-andrew,0,0,0,0,0,,,,,,,
https://www.kcl.ac.uk/people/minna-cowper-coles,0,0,0,0,0,,,,,,,
https://www.kcl.ac.uk/people/dr-joseph-devanny,0,0,0,0,0,,,,,,,
https://www.kcl.ac.uk/people/ana-elena-gonzalez-trevino,0,0,0,0,0,,,,,,,
https://www.kcl.ac.uk/people/vanessa-hirneis,0,0,0,0,0,,,,,,,
https://www.kcl.ac.uk/people/karsten-kohler,0,0,0,0,0,,,,,,,
https://www.kcl.ac.uk/people/eleonora-natale,0,0,0,0,0,,,,,,,
https://www.kcl.ac.uk/people/chiamaka-nwosu,0,0,0,0,0,,,,,,,
https://www.kcl.ac.uk/people/kiran-phull,0,0,0,0,0,,,,,,,
https://www.kcl.ac.uk/people/leon-sosnowski,0,0,0,0,0,,,,,,,
https://www.kcl.ac.uk/people/christine-stedtnitz,0,0,0,0,0,,,,,,,
https://www.kcl.ac.uk/people/francesca-pia-vantaggiato,0,0,0,0,0,,,,,,,
https://www.kcl.ac.uk/people/martin-weale,0,0,0,0,0,,,,,,,
